<db>
    <table>
        <title>Student</title>
        <reg_nr>Char</reg_nr>
        <first_name>Char</first_name>
        <last_name>Char</last_name>
        <ac_year>Positive Integer</ac_year>
        <ac_class>Positive Integer</ac_class>
        <scholarship>Positive Integer</scholarship>
        <birthdate>Date</birthdate>
        <email>Char</email>
    </table>

    <table>
        <title>Course</title>
        <course_title>Char</course_title>
        <year>Positive Integer</year>
        <term>Positive Integer</term>
        <credits>Positive Integer</credits>
    </table>

    <table>
        <title>Grade</title>
        <student>ForeignKey(Student)</student>
        <course>ForeignKey(Course)</course>
        <value>Positive Integer</value>
        <registered_date>Date</registered_date>
    </table>

    <table>
        <title>TeacherInfo</title>
        <first_name>Char</first_name>
        <last_name>Char</last_name>
        <rank>Char</rank>
    </table>

    <table>
        <title>Assignment</title>
        <id_teacher>ForeignKey(TeacherInfo)</id_teacher>
        <id_course>ForeignKey(Course)</id_course>
    </table>
</db>